away_team,home_team,spread_line
NE,SEA,3.0
SF,LA,3.5
CHI,CAR,-3.0
TB,CIN,3.5
NO,DET,7.0
BUF,HOU,-1.5
BAL,IND,-3.0
CLE,JAX,8.5
ATL,PIT,6.5
NYJ,TEN,1.5
ARI,LAC,8.5
MIA,LV,3.0
GB,MIN,1.5
WAS,PHI,6.0
DAL,NYG,-3.0
DEN,KC,2.5
DET,BUF,5.5
CAR,ATL,-2.5
NO,BAL,8.5
MIN,CHI,4.5
CIN,HOU,3.0
PIT,NE,4.5
GB,NYJ,-3.5
CLE,TB,8.5
PHI,TEN,-7.0
JAX,DEN,2.5
LV,LAC,6.5
SEA,ARI,-3.5
WAS,DAL,3.5
MIA,SF,12.5
IND,KC,6.0
NYG,LA,6.5
ATL,GB,4.5
LAC,BUF,7.0
CAR,CLE,-2.5
NYJ,DET,7.0
HOU,IND,-1.5
NE,JAX,3.0
KC,MIA,-10.0
TEN,NYG,2.5
CIN,PIT,-3.5
SEA,WAS,-8.5
ARI,SF,7.5
MIN,TB,-1.5
BAL,DAL,-3.0
LV,NO,3.5
LA,DEN,1.5
PHI,CHI,-3.5
PIT,CLE,-2.5
IND,WAS,-3.5
TEN,BAL,11.5
NE,BUF,7.0
NYJ,CHI,3.5
JAX,CIN,2.5
DAL,HOU,2.5
ARI,NYG,-1.5
LA,PHI,-3.0
GB,TB,-3.5
MIA,MIN,11.5
KC,LV,-4.5
LAC,SEA,7.0
DEN,SF,3.0
DET,CAR,-3.5
ATL,NO,3.0
TB,DAL,
PHI,JAX,
CIN,MIA,
LV,NE,
MIN,NO,
CLE,NYJ,
IND,PIT,
HOU,TEN,
NYG,WAS,
DEN,LAC,
DET,ARI,
CHI,GB,
SF,SEA,
BAL,ATL,
BUF,LA,
SEA,DEN,
HOU,JAX,
CHI,ATL,
BAL,CLE,
TEN,IND,
NYJ,NE,
NO,NYG,
CAR,PHI,
PIT,TB,
ARI,LA,
LAC,KC,
BUF,LV,
DAL,GB,
WAS,SF,
NE,CHI,
PIT,NO,
SF,ATL,
CIN,BAL,
TB,CAR,
NYG,HOU,
IND,MIN,
MIA,NYJ,
CLE,TEN,
DEN,ARI,
GB,DET,
LA,LV,
KC,SEA,
DAL,PHI,
CAR,GB,
BAL,BUF,
TEN,CIN,
ARI,DAL,
MIN,DET,
IND,JAX,
LV,NYJ,
CLE,PIT,
ATL,TB,
LAC,LA,
KC,DEN,
NE,MIA,
PHI,WAS,
CHI,SEA,
JAX,BAL,
CIN,ATL,
DEN,CAR,
DAL,IND,
NYJ,KC,
DET,MIA,
CLE,NO,
NYG,PHI,
LA,WAS,
HOU,LAC,
LV,SF,
GB,NE,
ARI,SEA,
TB,CHI,
BUF,MIN,
WAS,NYG,
NE,DET,
KC,ATL,
HOU,CLE,
MIN,GB,
MIA,IND,
CAR,NO,
BUF,NYJ,
JAX,TEN,
LA,ARI,
SEA,LV,
SF,DAL,
PIT,CIN,
LAC,BAL,
IND,HOU,
MIA,BUF,
BAL,CAR,
NO,CHI,
TEN,DAL,
TB,DET,
ARI,KC,
JAX,NYG,
NYJ,LAC,
LV,DEN,
PIT,PHI,
MIN,SF,
CIN,WAS,
GB,LA,
CHI,DET,
PHI,DAL,
KC,BUF,
DEN,PIT,
NO,CIN,
LV,CLE,
BAL,HOU,
NYG,IND,
NYJ,MIA,
ATL,MIN,
TEN,JAX,
WAS,ARI,
SEA,SF,
NE,LAC,
CAR,TB,
KC,LA,
DET,ATL,
JAX,CHI,
CIN,CLE,
GB,NO,
SF,NYG,
LAC,TB,
WAS,TEN,
PHI,ARI,
MIA,DEN,
CAR,MIN,
BUF,NE,
HOU,PIT,
DAL,SEA,
MIN,NE,
TB,BAL,
NO,CAR,
ATL,CLE,
TEN,DET,
CHI,MIA,
DEN,NYJ,
IND,PHI,
HOU,WAS,
LAC,LV,
KC,CIN,
NYG,SEA,
LA,SF,
BUF,GB,
PIT,JAX,
SF,LAC,
SEA,PHI,
CHI,BUF,
CIN,CAR,
MIA,GB,
JAX,HOU,
CLE,NYG,
BAL,PIT,
NO,TB,
IND,TEN,
ATL,WAS,
NYJ,ARI,
DAL,LA,
DEN,LV,
DET,MIN,
NE,KC,
HOU,PHI,
GB,CHI,
BUF,DEN,
LA,SEA,
TB,ATL,
CLE,BAL,
CIN,IND,
LAC,MIA,
WAS,MIN,
ARI,NO,
NE,NYJ,
CAR,PIT,
TEN,LV,
SF,KC,
JAX,DAL,
NYG,DET,
BAL,CIN,
NO,ATL,
SEA,CAR,
IND,CLE,
NYG,DAL,
WAS,JAX,
KC,LAC,
BUF,MIA,
DEN,NE,
MIN,NYJ,
LA,TB,
PIT,TEN,
LV,ARI,
DET,CHI,
PHI,SF,
HOU,GB,
SF,ARI,
PIT,BAL,
NYJ,BUF,
ATL,CAR,
CLE,CIN,
LAC,DEN,
DET,GB,
TEN,HOU,
JAX,IND,
LV,KC,
SEA,LA,
CHI,MIN,
MIA,NE,
TB,NO,
PHI,NYG,
DAL,WAS,