game_id,season,week,home_team,away_team,spread,decision
2026_02_DET_BUF,2026,2,BUF,DET,BUF -4.5,cover
2026_02_CAR_ATL,2026,2,ATL,CAR,CAR -1.5,points
2026_02_CIN_HOU,2026,2,HOU,CIN,HOU -3,cover
2026_02_CLE_TB,2026,2,TB,CLE,TB -8.5,cover
2026_02_GB_NYJ,2026,2,NYJ,GB,GB -4.5,points
2026_02_MIN_CHI,2026,2,CHI,MIN,CHI -5.5,cover
2026_02_NO_BAL,2026,2,BAL,NO,BAL -8.5,cover
2026_02_PHI_TEN,2026,2,TEN,PHI,PHI -7,cover
2026_02_PIT_NE,2026,2,NE,PIT,NE -5.5,points
2026_02_JAX_DEN,2026,2,DEN,JAX,DEN -2.5,cover
2026_02_LV_LAC,2026,2,LAC,LV,LAC -7,points
2026_02_MIA_SF,2026,2,SF,MIA,SF -13.5,cover
2026_02_SEA_ARI,2026,2,ARI,SEA,SEA -4.5,points
2026_02_WAS_DAL,2026,2,DAL,WAS,DAL -3.5,points
2026_02_IND_KC,2026,2,KC,IND,KC -6.5,cover
2026_02_NYG_LA,2026,2,LA,NYG,LA -7,points